San Francisco Bay Area AQMD, 37.482800, -122.202200, SAN MATEO
San Francisco Bay Area AQMD, 37.517060, -122.251810, SAN MATEO
San Francisco Bay Area AQMD, 37.939500, -122.029640, CONTRA COSTA
San Francisco Bay Area AQMD, 38.006311, -121.641918, CONTRA COSTA
Yolo-Solano AQMD, 38.352500, -121.961700, SOLANO
San Francisco Bay Area AQMD, 37.743061, -122.169907, ALAMEDA
San Francisco Bay Area AQMD, 37.654700, -122.031700, ALAMEDA
San Francisco Bay Area AQMD, 38.188390, -121.705640, SOLANO
San Francisco Bay Area AQMD, 37.877800, -122.310303, ALAMEDA
California Air Resources Board, 38.126900, -122.913900, MARIN
San Francisco Bay Area AQMD, 38.131610, -122.474670, SONOMA
San Francisco Bay Area AQMD, 38.403765, -122.818294, SONOMA
Yolo-Solano AQMD, 38.218300, -121.770000, SOLANO
San Francisco Bay Area AQMD, 37.701222, -121.903019, ALAMEDA
San Francisco Bay Area AQMD, 37.972200, -122.518900, MARIN
San Francisco Bay Area AQMD, 37.720810, -122.099140, ALAMEDA
San Francisco Bay Area AQMD, 37.793624, -122.263376, ALAMEDA
San Francisco Bay Area AQMD, 37.961860, -122.423330, CONTRA COSTA
San Francisco Bay Area AQMD, 37.938300, -122.025000, CONTRA COSTA
San Francisco Bay Area AQMD, 37.743600, -121.934100, CONTRA COSTA
San Francisco Bay Area AQMD, 38.227066, -122.075624, SOLANO
San Francisco Bay Area AQMD, 37.687526, -121.784217, ALAMEDA
San Francisco Bay Area AQMD, 37.947800, -122.363600, CONTRA COSTA
San Francisco Bay Area AQMD, 37.765800, -122.397800, SAN FRANCISCO
San Francisco Bay Area AQMD, 37.698750, -121.913310, ALAMEDA
San Francisco Bay Area AQMD, 37.943110, -121.891170, CONTRA COSTA
San Francisco Bay Area AQMD, 37.689615, -121.631916, ALAMEDA
San Francisco Bay Area AQMD, 38.308360, -122.897440, MARIN
San Francisco Bay Area AQMD, 37.938600, -122.024700, CONTRA COSTA
San Francisco Bay Area AQMD, 38.417360, -122.761670, SONOMA
San Francisco Bay Area AQMD, 37.714810, -122.500470, SAN FRANCISCO
San Francisco Bay Area AQMD, 37.814800, -122.282402, ALAMEDA
San Francisco Bay Area AQMD, 37.535599, -121.960800, ALAMEDA
San Francisco Bay Area AQMD, 37.743649, -121.934188, CONTRA COSTA
San Francisco Bay Area AQMD, 38.310800, -122.295000, NAPA
San Francisco Bay Area AQMD, 37.960400, -122.357100, CONTRA COSTA
San Francisco Bay Area AQMD, 38.278500, -122.278250, NAPA
San Francisco Bay Area AQMD, 38.278849, -122.275024, NAPA
San Francisco Bay Area AQMD, 37.864767, -122.302741, ALAMEDA
San Francisco Bay Area AQMD, 38.102507, -122.237976, SOLANO
San Francisco Bay Area AQMD, 38.443100, -122.709700, SONOMA